{
    "infos": {
        "firstName": "Simon",
        "lastName": "Gardette",
        "name": "Simon Gardette",
        "job": "Développeur Fullstack",
        "email": "simon.gardette@toto.fr",
        "phone": "(+33) 6 03 .. .. .. ..",

        "links": {
            "website": "https://simongardette.fr",
            "linkedin": "https://www.linkedin.com/in/simongardette/"
        }
    },
    "resume": {
        "summaryLong": "Avec plus de 15 ans d'expérience dans le numérique et une passion pour la technologie, je suis un leader technique accompli, ayant travaillé dans diverses industries allant de la musique à la mode en passant par la banque ou les services publics. Ma carrière m'a permis de développer une expertise en langages de programmation tels que Python, Javascript (TypeScript), Php, et C, ainsi qu'en librairies front-end, frameworks, bases de données et méthodologies Agile. J'ai occupé des postes de direction et de consultation, gérant des équipes, supervisant des refontes de sites et de plateformes E-commerce, et mettant en place des outils d'analyse et de gestion de données. Mon expérience en marketing, SEO et UX design ajoute une dimension unique à mon profil, me permettant d'aborder les projets avec une perspective holistique. Je cherche à apporter mon expertise et mon leadership à une organisation novatrice, où je peux continuer à contribuer à la croissance et à l'excellence dans le domaine du développement back-end.",
        "summary": "Je posséde plus de 15 ans d'expérience dans les métiers du numérique, dans des secteurs variés comme la musique, la mode, la banque ou les services publics. Spécialiste des langages orienté web et data : Python, Javascript ou encore Php. Je travail actuellement sur un panel de librairies, frameworks et bases de données varié et je peux m'adapter à la plupart des environnements. J'ai dirigé des équipes, piloté des refontes de sites et plateformes E-commerce, et développé des outils à usage interne comme externe. Ma connaissance en marketing, SEO et UX design renforce mon approche globale des projets.",
        "technicalSkills": {
            "Langages": {
                "Python": 90,
                "Javascript": 90,
                "TypeScript": 70,
                "Php": 70,
                "C": 30
            },
            "Librairies Front": {
                "Vue": 90,
                "React": 90,
                "Svelte": 40,
                "htmx": 30
            },
            "Frameworks": {
                "Django": 90,
                "FastApi": 90,
                "Flask": 90,
                "NextJs": 85,
                "Gatsby": 85,
                "Laravel": 60
            },
            "devOps": {
                "Docker": 90,
                "AWS": 70,
                "GCP": 70,
                "Kubernetes": 50,
                "Terraform": 40
            },
            "Bases de Données": {
                "SQL (postgres, mysql, mariadb ...)": 70,
                "MongoDB": 50,
                "Redis": 50,
                "influxDB": 40,
                "elasticSearch": 40
            },
            "Marketing": { "SEO": 85, "CRM": 90, "Automation": 90, "SEA": 70 },
            "User Experience": { "Figma": 65, "StoryBook": 65 },
            "WebAnalyse": {
                "GG analytics": 90,
                "Matomo": 90,
                "Segment": 70
            },
            "Data Engineering": {
                "Airflow": 80,
                "Pandas": 80,
                "Superset": 90,
                "seaborn / matplotlib": 70,
                "Jitsu": 70,
                "Snowflakes": 50,
                "Snowplow": 50,
                "Airbyte": 40,
                "DBT": 40
            },

            "Methodologies": { "AAARR": 90, "Agile": 70, "Scrum": 50 },
            "Machine Learning": {
                "Training": 30,
                "Pytorch": 20,
                "Fine Tuning": 20
            }
        },
        "professionalExperiences": [
            {
                "company": "Syslex",
                "position": "Consultant",
                "years": "2019/2023",
                "responsibilities": [
                    "Développement de sites avec un focus important sur la performance et les délais",
                    "Conception de plateforme Ecommerce",
                    "Intégration de designs",
                    "Direction Technique externalisée",
                    "Accompagnement d’équipes croissance",
                    "Setup de solution d’analytics / tag management",
                    "Construction de plateforme de BI / outils de visualisation / Analyses de données simples"
                ]
            },
            {
                "company": "BonneGueule",
                "position": "Directeur Digital",
                "years": "2016/2019",
                "responsibilities": [
                    "Structuration d’une équipe croissance (CRM / Website / Ads / Data)",
                    "Management direct de 3 personnes",
                    "Refonte d’ERP",
                    "Refonte du site E-commerce en collaboration avec le directeur artistique. La réalisation a été opérée par une agence externe.",
                    "Mise en place d’une roadmap suivie sur 3 puis 5 ans",
                    "Création de dashboard de reporting interne et mise à disposition de données d’aide à la décision et de segmentation dans les outils de la société (CRM particulièrement)"
                ]
            }
        ],
        "education": {
            "2007": "DUT service et réseaux de communication (BUT MMI bordeaux désormais) "
        },
        "certifications": {
            "2013": "Certification Commander Act (Tag Commander)",
            "2009": "Google Adwords Professional",
            "2008": "Accessiweb",
            "2007": "Cisco CCNA 2"
        },
        "leadershipAndSoftSkills": [
            "Gestion d’équipe",
            "Mentoring et formation",
            "Capacité à communiquer efficacement avec les parties prenantes non techniques et à synthétiser les besoins",
            "Particulièrement efficace à gérer les imprévus et les problèmes inconnus"
        ],
        "languages": {
            "Français": "Le français est ma langue natale. Je me targue donc d’en maitriser les arcanes. Au risque, parfois, d’en faire un peu trop.",
            "English": "I’m pretty proud to say I can maintain a conversation, both written and oral in english whereas it’s with a native speaker or not."
        },
        "hobbies": {
            "Videogames": "Jaime jouer aux jeux vidéos"
        }
    }
}
